,pred_type,id,name,ds,numbox,weight,bulk
0,zhongzhuang,50,,,98,882.0,3.1752
1,zhongzhuang,50,,2014-12,1786,10480.92,57.3374
2,zhongzhuang,50,,2015-01,2765,19983.88,93.224594
3,zhongzhuang,50,,2015-02,1849,13751.55,80.554498
4,zhongzhuang,50,,2015-03,5221,37484.099,182.634292
5,zhongzhuang,50,,2015-04,8774,87794.748,507.697293
6,zhongzhuang,50,,2015-05,15640,100708.049,715.797681
7,zhongzhuang,50,,2015-06,26736,258080.64,1422.64598
8,zhongzhuang,50,,2015-07,78777,732912.982,4249.215463
9,zhongzhuang,50,,2015-08,94778,819940.589,5013.771947
10,zhongzhuang,50,,2015-09,94019,856997.195,5014.450239
11,zhongzhuang,50,,2015-10,125329,1103879.322,6488.284853
12,zhongzhuang,50,,2015-11,112740,985064.763,5785.429104
13,zhongzhuang,50,,2015-12,142329,1223489.007,7481.213
14,zhongzhuang,50,,2016-01,203941,1539374.183,9074.073028
15,zhongzhuang,50,,2016-02,77466,625712.88,3613.698178
16,zhongzhuang,50,,2016-03,154704,1358339.074,8084.48386
17,zhongzhuang,50,,2016-04,218020,1796668.986,10106.678676
18,zhongzhuang,50,,2016-05,357865,3029318.356,17084.102435
19,zhongzhuang,50,,2016-06,244068,2093751.892,11224.341484
20,zhongzhuang,50,,2016-07,267310,2192203.952,11916.03405
21,zhongzhuang,50,,2016-08,252844,2100410.296,12052.306502
22,zhongzhuang,50,,2016-09,294291,2361768.655,13758.982541
23,zhongzhuang,50,,2016-10,470441,3678732.223,22401.636765
24,zhongzhuang,50,,2016-11,284440,2413076.36,13814.954414
25,zhongzhuang,50,,2016-12,374872,3089046.802,17407.181402
26,zhongzhuang,50,,2017-01,316562,2638661.792,14403.324236
27,zhongzhuang,50,,2017-02,281090,2439861.011,13078.616214
28,zhongzhuang,50,,2017-03,417635,3569697.534,21206.065791
29,zhongzhuang,50,,2017-04,505326,4246134.233,25369.585062
30,zhongzhuang,50,,2017-05,835636,7226748.224,39172.860554
31,zhongzhuang,50,,2017-06,404613,3346173.24,19069.850035
32,zhongzhuang,50,,2017-07,414313,3640043.78,20222.117056
33,zhongzhuang,50,,2017-08,561715,5481681.115,26750.567691
34,zhongzhuang,50,,2017-09,275064,2856599.125,13306.993903
35,zhongzhuang,51,,2014-12,7539,57602.664,344.062999
36,zhongzhuang,51,,2015-01,8485,62621.015,395.018094
37,zhongzhuang,51,,2015-02,6194,43194.504,245.937597
38,zhongzhuang,51,,2015-03,34757,332350.226,1725.356181
39,zhongzhuang,51,,2015-04,4877,52377.59,278.884092
40,zhongzhuang,51,,2015-05,5459,38238.739,290.540487
41,zhongzhuang,51,,2015-06,29264,281857.522,1428.790569
42,zhongzhuang,51,,2015-07,118452,1074926.317,5362.771519
43,zhongzhuang,51,,2015-08,117558,1036845.439,5553.59872
44,zhongzhuang,51,,2015-09,136979,1236333.55,6384.814508
45,zhongzhuang,51,,2015-10,156818,1502436.737,8187.348618
46,zhongzhuang,51,,2015-11,135684,1254547.768,6981.850517
47,zhongzhuang,51,,2015-12,186308,1674900.802,8772.807216
48,zhongzhuang,51,,2016-01,198463,1747773.922,9742.462731
49,zhongzhuang,51,,2016-02,108755,904740.7,4843.608706
50,zhongzhuang,51,,2016-03,181521,1584358.338,9044.246944
51,zhongzhuang,51,,2016-04,247294,2154990.149,10829.393922
52,zhongzhuang,51,,2016-05,345302,3123045.462,14037.68238
53,zhongzhuang,51,,2016-06,253084,2269151.645,10706.797175
54,zhongzhuang,51,,2016-07,298224,2460587.421,12477.004363
55,zhongzhuang,51,,2016-08,296469,2655391.736,12546.308134
56,zhongzhuang,51,,2016-09,303993,2617054.724,12657.857426
57,zhongzhuang,51,,2016-10,487052,4320955.569,20657.335988
58,zhongzhuang,51,,2016-11,334669,3152945.117,15084.926224
59,zhongzhuang,51,,2016-12,434803,3681461.563,18396.243282
60,zhongzhuang,51,,2017-01,219321,1746780.76,9756.395721
61,zhongzhuang,51,,2017-02,183118,1682281.059,8439.008753
62,zhongzhuang,51,,2017-03,379594,3285138.462,16589.481746
63,zhongzhuang,51,,2017-04,515616,4544551.973,22870.478181
64,zhongzhuang,51,,2017-05,647102,5837962.125,27845.238745
65,zhongzhuang,51,,2017-06,382143,3582707.159,16890.028226
66,zhongzhuang,51,,2017-07,453547,4013509.736,19614.717943
67,zhongzhuang,51,,2017-08,506071,4289711.819,20636.05633
68,zhongzhuang,51,,2017-09,215165,1952518.193,8996.836478
69,zhongzhuang,52,,2014-12,3,16.02,0.179
70,zhongzhuang,52,,2015-01,7,61.44,0.7489
71,zhongzhuang,52,,2015-02,6,106.16,0.1012
72,zhongzhuang,52,,2015-03,30,141.92,0.9366
73,zhongzhuang,52,,2015-04,163,872.5,6.9296
74,zhongzhuang,52,,2015-05,117,784.04,4.9394
75,zhongzhuang,52,,2015-06,137,1328.65,8.442999
76,zhongzhuang,52,,2015-07,100,759.19,4.5174
77,zhongzhuang,52,,2015-08,128,1228.7,8.1056
78,zhongzhuang,52,,2015-09,130,613.57,3.961698
79,zhongzhuang,52,,2015-10,141,792.5,6.459699
80,zhongzhuang,52,,2015-11,220,1485.25,11.871899
81,zhongzhuang,52,,2015-12,250,2278.218,19.399397
82,zhongzhuang,52,,2016-01,592,7364.15,52.254198
83,zhongzhuang,52,,2016-02,559,4477.19,24.388199
84,zhongzhuang,52,,2016-03,949,11913.934,96.912097
85,zhongzhuang,52,,2016-04,1310,14194.26,126.364598
86,zhongzhuang,52,,2016-05,822,6827.19,45.879297
87,zhongzhuang,52,,2016-06,1338,12207.173,89.346098
88,zhongzhuang,52,,2016-07,2610,20392.715,139.879098
89,zhongzhuang,52,,2016-08,1360,11076.18,66.020599
90,zhongzhuang,52,,2016-09,671,4834.858,35.397995
91,zhongzhuang,52,,2016-10,1128,7616.817,35.654194
92,zhongzhuang,52,,2016-11,1059,8531.927,71.167194
93,zhongzhuang,52,,2016-12,1162,8066.32,52.926195
94,zhongzhuang,52,,2017-01,1491,10683.36,77.285798
95,zhongzhuang,52,,2017-02,1768,18957.95,145.8663
96,zhongzhuang,52,,2017-03,2371,20419.387,176.570794
97,zhongzhuang,52,,2017-04,2468,21909.269,193.702697
98,zhongzhuang,52,,2017-05,4558,35125.172,201.820897
99,zhongzhuang,52,,2017-06,3459,23816.224,74.216496
100,zhongzhuang,52,,2017-07,2010,15114.454,90.535497
101,zhongzhuang,52,,2017-08,4449,45246.414,294.039199
102,zhongzhuang,52,,2017-09,1377,13331.682,87.269599
103,zhongzhuang,53,,,2,19.5,0.1352
104,zhongzhuang,53,,2014-12,347,2426.968,20.7184
105,zhongzhuang,53,,2015-01,445,2859.472,22.848598
106,zhongzhuang,53,,2015-02,644,4171.84,29.0367
107,zhongzhuang,53,,2015-03,18183,152146.329,856.75529
108,zhongzhuang,53,,2015-04,1744,11264.588,88.293795
109,zhongzhuang,53,,2015-05,3084,20855.05,113.353092
110,zhongzhuang,53,,2015-06,13927,137877.07,619.413873
111,zhongzhuang,53,,2015-07,54584,538506.541,2368.220743
112,zhongzhuang,53,,2015-08,54703,507325.085,2517.380856
113,zhongzhuang,53,,2015-09,53624,494023.269,2421.528874
114,zhongzhuang,53,,2015-10,45690,411650.45,2143.178274
115,zhongzhuang,53,,2015-11,60239,583775.09,3059.861552
116,zhongzhuang,53,,2015-12,86568,804716.6,4424.782087
117,zhongzhuang,53,,2016-01,102480,917987.052,5784.5873
118,zhongzhuang,53,,2016-02,50012,430355.029,2692.131939
119,zhongzhuang,53,,2016-03,116572,1104947.035,6183.047928
120,zhongzhuang,53,,2016-04,140333,1304545.56,7477.216354
121,zhongzhuang,53,,2016-05,197844,1646753.548,8886.518112
122,zhongzhuang,53,,2016-06,205517,1820456.721,8630.571181
123,zhongzhuang,53,,2016-07,259227,2144794.417,10759.270916
124,zhongzhuang,53,,2016-08,305451,2617741.204,12833.532751
125,zhongzhuang,53,,2016-09,328971,2866585.061,13858.410872
126,zhongzhuang,53,,2016-10,523268,4426181.054,21982.076038
127,zhongzhuang,53,,2016-11,354722,3207367.304,15577.706953
128,zhongzhuang,53,,2016-12,474893,3942270.942,19969.48665
129,zhongzhuang,53,,2017-01,234334,1788820.896,10605.55335
130,zhongzhuang,53,,2017-02,225477,1968563.747,10548.935714
131,zhongzhuang,53,,2017-03,412549,3533932.537,18790.175153
132,zhongzhuang,53,,2017-04,459831,3910025.796,20594.067842
133,zhongzhuang,53,,2017-05,674824,5878253.771,28537.09041
134,zhongzhuang,53,,2017-06,361373,3254575.466,16314.760225
135,zhongzhuang,53,,2017-07,436956,3723386.168,18962.709667
136,zhongzhuang,53,,2017-08,483791,3985198.115,21031.891459
137,zhongzhuang,53,,2017-09,228428,2056765.543,10281.018037
138,zhongzhuang,54,,,339,2566.93,14.1687
139,zhongzhuang,54,,2014-12,205,1012.73,7.301
140,zhongzhuang,54,,2015-01,2191,13022.72,65.3312
141,zhongzhuang,54,,2015-02,1956,12767.0,95.6602
142,zhongzhuang,54,,2015-03,12139,110486.629,508.33189
143,zhongzhuang,54,,2015-04,8299,74062.03,369.999489
144,zhongzhuang,54,,2015-05,32675,290199.739,1448.010286
145,zhongzhuang,54,,2015-06,35026,341900.35,1523.77725
146,zhongzhuang,54,,2015-07,51591,458119.614,2410.89571
147,zhongzhuang,54,,2015-08,59429,529617.089,3016.479647
148,zhongzhuang,54,,2015-09,84914,742573.335,3949.5871
149,zhongzhuang,54,,2015-10,111992,975794.221,5563.002609
150,zhongzhuang,54,,2015-11,64820,546447.089,2919.859948
151,zhongzhuang,54,,2015-12,72547,615588.643,3328.460073
152,zhongzhuang,54,,2016-01,119665,919271.52,4828.911309
153,zhongzhuang,54,,2016-02,60053,491596.906,2612.515384
154,zhongzhuang,54,,2016-03,101405,901043.268,4590.386282
155,zhongzhuang,54,,2016-04,137641,1193375.96,5760.894196
156,zhongzhuang,54,,2016-05,192538,1637077.481,7262.006848
157,zhongzhuang,54,,2016-06,142478,1237059.686,5694.983193
158,zhongzhuang,54,,2016-07,183184,1458166.813,7108.288412
159,zhongzhuang,54,,2016-08,193563,1631170.88,8128.778577
160,zhongzhuang,54,,2016-09,198734,1693713.027,8430.55766
161,zhongzhuang,54,,2016-10,223729,1937053.327,9388.252201
162,zhongzhuang,54,,2016-11,162697,1386333.458,7332.754912
163,zhongzhuang,54,,2016-12,193816,1487221.551,8754.882819
164,zhongzhuang,54,,2017-01,189194,1349404.709,7990.188161
165,zhongzhuang,54,,2017-02,131780,1065347.212,5557.25379
166,zhongzhuang,54,,2017-03,185235,1461749.953,7863.622826
167,zhongzhuang,54,,2017-04,192029,1432156.297,8061.845415
168,zhongzhuang,54,,2017-05,398658,3209979.249,16358.057652
169,zhongzhuang,54,,2017-06,238447,2115312.536,10145.182526
170,zhongzhuang,54,,2017-07,266547,2299310.435,11702.425633
171,zhongzhuang,54,,2017-08,340648,3109256.717,15270.856098
172,zhongzhuang,54,,2017-09,131193,1543295.056,6564.384805
173,zhongzhuang,55,,2015-04,3,9.0,0.019
174,zhongzhuang,55,,2015-06,1,1.0,0.01
175,zhongzhuang,55,,2015-07,78,354.0,2.4706
176,zhongzhuang,55,,2015-08,525,1969.5,16.1188
177,zhongzhuang,55,,2015-09,45,287.0,1.0434
178,zhongzhuang,55,,2015-10,156,1699.4,13.666399
179,zhongzhuang,55,,2015-11,304,2282.1,7.117499
180,zhongzhuang,55,,2015-12,207,2232.44,8.7108
181,zhongzhuang,55,,2016-01,430,3275.48,25.533698
182,zhongzhuang,55,,2016-02,453,4193.25,21.718598
183,zhongzhuang,55,,2016-03,479,3759.16,20.944799
184,zhongzhuang,55,,2016-04,848,12453.03,63.370799
185,zhongzhuang,55,,2016-05,2502,24162.31,80.389698
186,zhongzhuang,55,,2016-06,11823,64692.74,129.0582
187,zhongzhuang,55,,2016-07,3357,28106.23,58.540399
188,zhongzhuang,55,,2016-08,1445,8807.07,32.094156
189,zhongzhuang,55,,2016-09,5935,52177.521,170.105902
190,zhongzhuang,55,,2016-10,11036,86565.803,264.861824
191,zhongzhuang,55,,2016-11,4724,26777.07,96.9473
192,zhongzhuang,55,,2016-12,12906,91988.37,205.388268
193,zhongzhuang,55,,2017-01,1471,10459.31,56.337799
194,zhongzhuang,55,,2017-02,1980,18468.4,53.093499
195,zhongzhuang,55,,2017-03,7055,46608.508,120.847894
196,zhongzhuang,55,,2017-04,9254,58337.747,155.322098
197,zhongzhuang,55,,2017-05,106940,937568.624,3764.757841
198,zhongzhuang,55,,2017-06,54101,507358.278,2152.292909
199,zhongzhuang,55,,2017-07,58880,495353.104,2075.351647
200,zhongzhuang,55,,2017-08,149088,1524304.097,6504.156376
201,zhongzhuang,55,,2017-09,88801,839310.142,3752.297651
202,zhongzhuang,56,,,1506,17328.98,67.9008
203,zhongzhuang,56,,2015-01,4,46.5,0.1508
204,zhongzhuang,56,,2015-02,3,2.2,0.0196
205,zhongzhuang,56,,2015-03,58,107.36,0.5376
206,zhongzhuang,56,,2015-04,19,59.3,0.1645
207,zhongzhuang,56,,2015-05,32,203.5,1.2763
208,zhongzhuang,56,,2015-06,1997,14471.9,76.197397
209,zhongzhuang,56,,2015-07,818,7078.1,37.612499
210,zhongzhuang,56,,2015-08,356,2277.0,18.6143
211,zhongzhuang,56,,2015-09,10323,92363.1,439.224881
212,zhongzhuang,56,,2015-10,25977,230128.4,1122.11928
213,zhongzhuang,56,,2015-11,19635,169584.208,861.580776
214,zhongzhuang,56,,2015-12,36238,318837.846,1467.890659
215,zhongzhuang,56,,2016-01,34429,291564.201,1638.471147
216,zhongzhuang,56,,2016-02,22617,148889.595,735.529022
217,zhongzhuang,56,,2016-03,35365,291940.868,1430.665927
218,zhongzhuang,56,,2016-04,30922,275407.981,1363.42803
219,zhongzhuang,56,,2016-05,35638,281258.675,1469.937904
220,zhongzhuang,56,,2016-06,30605,265272.15,1309.210279
221,zhongzhuang,56,,2016-07,36893,299185.661,1417.74454
222,zhongzhuang,56,,2016-08,38424,336773.913,1565.332578
223,zhongzhuang,56,,2016-09,38901,319898.418,1493.602491
224,zhongzhuang,56,,2016-10,37934,298083.978,1608.721151
225,zhongzhuang,56,,2016-11,29847,254058.692,1288.051143
226,zhongzhuang,56,,2016-12,31000,236010.443,1197.685386
227,zhongzhuang,56,,2017-01,10515,87553.07,483.663309
228,zhongzhuang,56,,2017-02,22199,192710.649,1027.406883
229,zhongzhuang,56,,2017-03,38337,311471.044,1577.134552
230,zhongzhuang,56,,2017-04,31130,254375.102,1462.053279
231,zhongzhuang,56,,2017-05,34273,306963.296,1574.123407
232,zhongzhuang,56,,2017-06,24601,229962.935,1188.073974
233,zhongzhuang,56,,2017-07,35138,310748.373,1727.886304
234,zhongzhuang,56,,2017-08,118089,1401965.334,6113.924665
235,zhongzhuang,56,,2017-09,97083,1009327.598,4427.869892
236,zhongzhuang,57,,,2282,20393.5,78.581398
237,zhongzhuang,57,,2014-12,39,236.1,1.2361
238,zhongzhuang,57,,2015-01,121,722.06,4.1723
239,zhongzhuang,57,,2015-02,40,288.13,1.2719
240,zhongzhuang,57,,2015-03,9503,89940.75,409.463393
241,zhongzhuang,57,,2015-04,26,135.84,0.934399
242,zhongzhuang,57,,2015-05,3113,17112.54,107.2957
243,zhongzhuang,57,,2015-06,11126,66372.56,365.219394
244,zhongzhuang,57,,2015-07,24201,218919.986,995.088774
245,zhongzhuang,57,,2015-08,23352,212168.36,1054.960683
246,zhongzhuang,57,,2015-09,48511,411280.47,2081.852163
247,zhongzhuang,57,,2015-10,43180,370322.75,2032.614077
248,zhongzhuang,57,,2015-11,26514,224153.389,1267.43869
249,zhongzhuang,57,,2015-12,35397,302222.754,1499.914784
250,zhongzhuang,57,,2016-01,51595,419997.681,2212.274783
251,zhongzhuang,57,,2016-02,20727,171320.669,924.581466
252,zhongzhuang,57,,2016-03,47287,422571.336,1900.504142
253,zhongzhuang,57,,2016-04,37193,337160.007,1452.200979
254,zhongzhuang,57,,2016-05,51678,390676.576,1861.441544
255,zhongzhuang,57,,2016-06,30960,240060.657,1218.009862
256,zhongzhuang,57,,2016-07,89548,692580.867,3701.27443
257,zhongzhuang,57,,2016-08,103720,869256.126,4518.303462
258,zhongzhuang,57,,2016-09,167692,1399066.846,7037.404471
259,zhongzhuang,57,,2016-10,258343,2067862.645,10628.173488
260,zhongzhuang,57,,2016-11,128108,1075706.332,5659.304523
261,zhongzhuang,57,,2016-12,201364,1631863.205,9159.164611
262,zhongzhuang,57,,2017-01,84603,670566.682,3696.299717
263,zhongzhuang,57,,2017-02,44441,323360.732,2036.888024
264,zhongzhuang,57,,2017-03,116846,940057.658,5577.531207
265,zhongzhuang,57,,2017-04,121927,949792.957,5514.897879
266,zhongzhuang,57,,2017-05,331995,2908970.103,15086.168109
267,zhongzhuang,57,,2017-06,143084,1238671.434,6846.792166
268,zhongzhuang,57,,2017-07,211155,1785425.383,9574.860338
269,zhongzhuang,57,,2017-08,309421,2624067.142,13453.414981
270,zhongzhuang,57,,2017-09,137199,1195393.607,6141.858652
271,zhongzhuang,355,,,1098,5084.05,28.8853
272,zhongzhuang,355,,2015-04,60,520.0,1.6979
273,zhongzhuang,355,,2015-06,1301,11889.0,71.744098
274,zhongzhuang,355,,2015-07,30354,255715.5,1411.927973
275,zhongzhuang,355,,2015-08,71816,591083.31,3215.396839
276,zhongzhuang,355,,2015-09,87104,736055.81,3938.810064
277,zhongzhuang,355,,2015-10,99787,790358.8,4155.492057
278,zhongzhuang,355,,2015-11,63683,543740.597,2921.421199
279,zhongzhuang,355,,2015-12,95790,787699.085,3993.680012
280,zhongzhuang,355,,2016-01,107352,847597.525,4122.400687
281,zhongzhuang,355,,2016-02,43020,353002.695,1629.407994
282,zhongzhuang,355,,2016-03,77995,635720.011,3140.913603
283,zhongzhuang,355,,2016-04,96933,816092.847,4257.002981
284,zhongzhuang,355,,2016-05,169310,1383842.657,6731.06929
285,zhongzhuang,355,,2016-06,112815,915230.242,4695.462701
286,zhongzhuang,355,,2016-07,94116,770777.537,3726.641182
287,zhongzhuang,355,,2016-08,165723,1427043.659,7092.814748
288,zhongzhuang,355,,2016-09,182295,1526923.666,7749.937867
289,zhongzhuang,355,,2016-10,312425,2535547.726,13948.767205
290,zhongzhuang,355,,2016-11,193118,1610007.984,9150.251751
291,zhongzhuang,355,,2016-12,165957,1358847.3,7150.518564
292,zhongzhuang,355,,2017-01,241,2117.9,15.495499
293,zhongzhuang,355,,2017-02,370,2876.9,18.5625
294,zhongzhuang,355,,2017-03,706,5397.06,32.3396
295,zhongzhuang,379,,2016-04,505,3005.2,19.025199
296,zhongzhuang,379,,2016-05,160,1311.6,8.691999
297,zhongzhuang,379,,2016-06,585,3919.552,26.896599
298,zhongzhuang,379,,2016-07,1410,14775.58,90.333197
299,zhongzhuang,379,,2016-08,376,4899.458,18.857599
300,zhongzhuang,379,,2016-09,700,5541.96,60.348899
301,zhongzhuang,379,,2016-10,379,3148.705,20.499099
302,zhongzhuang,379,,2016-11,192,2634.364,16.5398
303,zhongzhuang,379,,2016-12,4187,41418.72,166.0836
304,zhongzhuang,379,,2017-01,1008,12641.15,57.827498
305,zhongzhuang,379,,2017-02,956,11228.95,59.051498
306,zhongzhuang,379,,2017-03,7189,47406.869,273.980696
307,zhongzhuang,379,,2017-04,1094,7619.983,57.146398
308,zhongzhuang,379,,2017-05,166567,1377947.25,6484.953726
309,zhongzhuang,379,,2017-06,177500,1435714.654,6495.106584
310,zhongzhuang,379,,2017-07,118094,915298.905,4056.350142
311,zhongzhuang,379,,2017-08,123666,979222.574,5414.035932
312,zhongzhuang,379,,2017-09,35644,385833.382,1898.754464
313,zhongzhuang,388,,2016-04,398,3448.3,13.2692
314,zhongzhuang,388,,2016-05,137,947.958,6.329499
315,zhongzhuang,388,,2016-06,86,924.2,4.9179
316,zhongzhuang,388,,2016-07,616,6874.25,33.4032
317,zhongzhuang,388,,2016-08,98,753.74,4.0908
318,zhongzhuang,388,,2016-09,645,2225.445,19.5284
319,zhongzhuang,388,,2016-10,203,1183.96,9.056899
320,zhongzhuang,388,,2016-11,276,2065.356,9.314598
321,zhongzhuang,388,,2016-12,311,3239.99,30.599297
322,zhongzhuang,388,,2017-01,158,1545.82,13.087599
323,zhongzhuang,388,,2017-02,394,3004.3,13.816298
324,zhongzhuang,388,,2017-03,274,1680.656,8.760699
325,zhongzhuang,388,,2017-04,823,5012.84,33.511598
326,zhongzhuang,388,,2017-05,672,3747.535,32.7892
327,zhongzhuang,388,,2017-06,266,1545.429,13.467499
328,zhongzhuang,388,,2017-07,1160,9152.476,83.200598
329,zhongzhuang,388,,2017-08,647,5726.83,56.765197
330,zhongzhuang,388,,2017-09,149,2172.242,32.302299
331,zhongzhuang,389,,2016-04,15,94.5,0.4566
332,zhongzhuang,389,,2016-05,9,54.0,0.363599
333,zhongzhuang,389,,2016-06,4,9.6,0.078
334,zhongzhuang,389,,2016-07,8,22.0,0.2228
335,zhongzhuang,389,,2016-08,10,84.8,0.4083
336,zhongzhuang,389,,2016-09,46,241.0,2.0995
337,zhongzhuang,389,,2016-10,682,4980.86,34.2706
338,zhongzhuang,389,,2016-11,9,58.0,0.3285
339,zhongzhuang,389,,2016-12,8,44.0,0.2774
340,zhongzhuang,389,,2017-01,4,37.0,0.2386
341,zhongzhuang,389,,2017-04,20,142.08,0.9583
342,zhongzhuang,389,,2017-05,51,546.659,3.417499
343,zhongzhuang,389,,2017-06,32,344.42,2.0688
344,zhongzhuang,389,,2017-07,102,550.5,4.0179
345,zhongzhuang,389,,2017-08,65,399.24,3.4577
346,zhongzhuang,389,,2017-09,54,393.26,3.4734
347,zhongzhuang,390,,2016-03,10,154.5,0.306
348,zhongzhuang,390,,2016-04,46,546.0,2.1685
349,zhongzhuang,390,,2016-05,137,1750.54,11.2064
350,zhongzhuang,390,,2016-06,16,135.5,0.6373
351,zhongzhuang,390,,2016-07,91,716.19,4.531899
352,zhongzhuang,390,,2016-08,8,36.12,0.4029
353,zhongzhuang,390,,2016-09,30,240.0,1.7244
354,zhongzhuang,390,,2016-10,2,1.5,0.0194
355,zhongzhuang,390,,2016-11,20,72.8,0.4641
356,zhongzhuang,390,,2016-12,86,704.46,4.973
357,zhongzhuang,390,,2017-01,21,167.6,1.4574
358,zhongzhuang,390,,2017-02,15,125.4,0.709499
359,zhongzhuang,390,,2017-03,94,618.5,4.484799
360,zhongzhuang,390,,2017-04,203,2692.5,10.8149
361,zhongzhuang,390,,2017-05,71,703.36,1.4162
362,zhongzhuang,390,,2017-06,7,50.0,0.3561
363,zhongzhuang,390,,2017-07,37,481.549,0.9816
364,zhongzhuang,390,,2017-08,23,198.5,1.2452
365,zhongzhuang,390,,2017-09,79,939.5,4.3104
366,zhongzhuang,391,,2016-04,3,39.1,0.2019
367,zhongzhuang,391,,2016-05,119,1559.4,7.1337
368,zhongzhuang,391,,2016-06,12,36.8,0.339099
369,zhongzhuang,391,,2016-07,97,978.68,8.6226
370,zhongzhuang,391,,2016-08,42,244.0,1.9212
371,zhongzhuang,391,,2016-09,7,72.96,1.2699
372,zhongzhuang,391,,2016-10,233,2074.6,13.595399
373,zhongzhuang,391,,2016-11,325,2352.0,22.2727
374,zhongzhuang,391,,2016-12,195,1591.22,22.1626
375,zhongzhuang,391,,2017-01,88,420.0,4.5553
376,zhongzhuang,391,,2017-02,114,686.47,4.915898
377,zhongzhuang,391,,2017-03,154,1222.25,6.019798
378,zhongzhuang,391,,2017-04,1136,8117.608,36.579599
379,zhongzhuang,391,,2017-05,243,1472.245,10.3029
380,zhongzhuang,391,,2017-06,2694,19964.145,67.8662
381,zhongzhuang,391,,2017-07,3288,12123.56,92.256296
382,zhongzhuang,391,,2017-08,2348,28674.33,91.093098
383,zhongzhuang,391,,2017-09,1049,5863.23,28.158199
384,zhongzhuang,392,,2016-02,7,29.0,0.1894
385,zhongzhuang,392,,2016-03,55,478.3,2.9362
386,zhongzhuang,392,,2016-04,24,210.7,1.277
387,zhongzhuang,392,,2016-05,208,1916.3,6.144399
388,zhongzhuang,392,,2016-06,70,891.7,8.320099
389,zhongzhuang,392,,2016-07,184,1299.536,6.441499
390,zhongzhuang,392,,2016-08,253,2808.3,10.260699
391,zhongzhuang,392,,2016-09,70,656.221,5.351699
392,zhongzhuang,392,,2016-10,82,644.767,3.685899
393,zhongzhuang,392,,2016-11,259,1892.9,25.6452
394,zhongzhuang,392,,2016-12,125,728.59,5.8332
395,zhongzhuang,392,,2017-01,135,694.59,3.591199
396,zhongzhuang,392,,2017-02,50,411.46,1.9139
397,zhongzhuang,392,,2017-03,108,807.153,8.499298
398,zhongzhuang,392,,2017-04,289,2379.43,10.6789
399,zhongzhuang,392,,2017-05,256,1973.55,11.7335
400,zhongzhuang,392,,2017-06,157,1085.815,6.999599
401,zhongzhuang,392,,2017-07,609,3142.534,20.966599
402,zhongzhuang,392,,2017-08,289,1681.722,11.846699
403,zhongzhuang,392,,2017-09,307,1201.35,7.6022
404,zhongzhuang,393,,2017-08,15,258.0,1.4679
405,zhongzhuang,396,,2016-02,381,4605.19,49.0827
406,zhongzhuang,396,,2016-03,733,7460.68,67.244698
407,zhongzhuang,396,,2016-04,1515,13640.81,127.903296
408,zhongzhuang,396,,2016-05,1271,9861.557,99.371999
409,zhongzhuang,396,,2016-06,579,4613.6,47.127698
410,zhongzhuang,396,,2016-07,1538,18111.23,210.028596
411,zhongzhuang,396,,2016-08,746,7603.72,86.119898
412,zhongzhuang,396,,2016-09,4192,12079.051,145.657897
413,zhongzhuang,396,,2016-10,1601,14118.588,164.482594
414,zhongzhuang,396,,2016-11,846,4666.91,41.984596
415,zhongzhuang,396,,2016-12,1794,14223.24,130.935094
416,zhongzhuang,396,,2017-01,407,2315.36,22.564098
417,zhongzhuang,396,,2017-02,2811,24255.78,206.571396
418,zhongzhuang,396,,2017-03,1523,10398.387,96.521697
419,zhongzhuang,396,,2017-04,1173,9163.729,80.326395
420,zhongzhuang,396,,2017-05,947,8463.118,68.607198
421,zhongzhuang,396,,2017-06,992,6641.89,61.121092
422,zhongzhuang,396,,2017-07,2639,21122.787,204.147299
423,zhongzhuang,396,,2017-08,4263,29507.08,308.817696
424,zhongzhuang,396,,2017-09,945,9083.076,71.926799
425,zhongzhuang,397,,,6,10.0,0.1202
426,zhongzhuang,397,,2016-05,112,1411.3,12.5214
427,zhongzhuang,397,,2016-06,44,414.67,2.945498
428,zhongzhuang,397,,2016-07,100,264.061,2.0249
429,zhongzhuang,397,,2016-08,212,1540.02,12.060199
430,zhongzhuang,397,,2016-09,267,4815.82,22.4824
431,zhongzhuang,397,,2016-10,43,238.4,1.487099
432,zhongzhuang,397,,2016-11,62,379.5,2.4042
433,zhongzhuang,397,,2016-12,100,790.69,4.332299
434,zhongzhuang,397,,2017-01,169,2405.8,13.696
435,zhongzhuang,397,,2017-02,111,832.5,4.9335
436,zhongzhuang,397,,2017-03,348,2746.1,18.9772
437,zhongzhuang,397,,2017-04,208,1699.335,10.920798
438,zhongzhuang,397,,2017-05,401,3980.65,23.494899
439,zhongzhuang,397,,2017-06,339,2113.64,14.5411
440,zhongzhuang,397,,2017-07,588,5906.53,31.591999
441,zhongzhuang,397,,2017-08,1902,13893.461,101.496999
442,zhongzhuang,397,,2017-09,233,2250.6,10.1971
443,zhongzhuang,423,,2015-05,505,5778.0,31.7991
444,zhongzhuang,423,,2015-06,989,7806.76,33.0889
445,zhongzhuang,423,,2015-07,136,1274.42,11.8002
446,zhongzhuang,423,,2015-08,976,7599.405,50.9904
447,zhongzhuang,423,,2015-09,2046,20361.29,84.689797
448,zhongzhuang,423,,2015-10,410,3001.08,21.304798
449,zhongzhuang,423,,2015-11,742,6946.8,44.459299
450,zhongzhuang,423,,2015-12,987,11786.649,71.294399
451,zhongzhuang,423,,2016-01,559,6250.85,43.968999
452,zhongzhuang,423,,2016-02,5150,37199.01,183.869
453,zhongzhuang,423,,2016-03,4631,42557.142,260.765096
454,zhongzhuang,423,,2016-04,964,10657.805,59.911899
455,zhongzhuang,423,,2016-05,15294,115997.092,780.211397
456,zhongzhuang,423,,2016-06,1821,16720.901,91.685095
457,zhongzhuang,423,,2016-07,2811,21627.122,150.428296
458,zhongzhuang,423,,2016-08,1606,12653.515,90.869897
459,zhongzhuang,423,,2016-09,2334,16872.317,110.951597
460,zhongzhuang,423,,2016-10,2758,19592.364,142.425691
461,zhongzhuang,423,,2016-11,1636,16157.286,111.096293
462,zhongzhuang,423,,2016-12,3167,25907.59,237.122893
463,zhongzhuang,423,,2017-01,2243,18952.65,134.670295
464,zhongzhuang,423,,2017-02,1610,14052.607,107.903898
465,zhongzhuang,423,,2017-03,3300,27640.256,207.571692
466,zhongzhuang,423,,2017-04,1952,13169.088,118.890393
467,zhongzhuang,423,,2017-05,3640,29961.586,140.030691
468,zhongzhuang,423,,2017-06,1875,15010.641,106.508896
469,zhongzhuang,423,,2017-07,3250,31729.913,206.931293
470,zhongzhuang,423,,2017-08,4957,28539.859,239.95679
471,zhongzhuang,423,,2017-09,1062,10233.92,62.184499
472,zhongzhuang,631,,2016-06,23,57.5,0.255
473,zhongzhuang,631,,2016-07,137,1164.5,8.46
474,zhongzhuang,631,,2016-08,650,3156.0,21.009199
475,zhongzhuang,631,,2016-09,5,25.0,0.0583
476,zhongzhuang,631,,2016-11,6,27.0,0.088
477,zhongzhuang,631,,2016-12,5,27.0,0.0718
478,zhongzhuang,631,,2017-02,483,2247.6,7.1936
479,zhongzhuang,631,,2017-05,9,40.5,0.3762
480,zhongzhuang,631,,2017-06,5,36.98,0.135
481,zhongzhuang,631,,2017-07,17,94.4,0.5113
482,zhongzhuang,631,,2017-08,10,54.0,0.2393
483,zhongzhuang,631,,2017-09,36,235.0,1.6333
484,zhongzhuang,754,,2016-06,38,194.16,0.4024
485,zhongzhuang,754,,2016-07,3,9.0,0.045
486,zhongzhuang,754,,2016-08,10,73.12,0.1343
487,zhongzhuang,754,,2016-09,64,358.5,0.7683
488,zhongzhuang,754,,2016-10,69,469.0,0.8834
489,zhongzhuang,754,,2016-11,312,2476.66,4.6314
490,zhongzhuang,754,,2016-12,184,1303.08,2.616
491,zhongzhuang,754,,2017-01,195,1641.28,4.0784
492,zhongzhuang,754,,2017-03,31,220.5,0.6461
493,zhongzhuang,754,,2017-05,2479,17243.88,78.4782
494,zhongzhuang,754,,2017-06,178,1744.64,8.9141
495,zhongzhuang,754,,2017-07,43,397.2,2.183299
496,zhongzhuang,754,,2017-08,15,85.1,0.2998
497,zhongzhuang,754,,2017-09,5,47.0,0.1649
498,zhongzhuang,755,,2016-06,376,6094.9,19.9743
499,zhongzhuang,755,,2016-08,35,752.5,1.9975
500,zhongzhuang,755,,2016-09,2868,17118.46,55.245099
501,zhongzhuang,755,,2016-10,5186,44198.53,147.7211
502,zhongzhuang,755,,2016-11,2944,27865.64,95.1579
503,zhongzhuang,755,,2016-12,4223,35376.91,122.673
504,zhongzhuang,755,,2017-01,7240,50733.91,188.6374
505,zhongzhuang,755,,2017-02,5857,42905.02,154.9833
506,zhongzhuang,755,,2017-03,3963,35956.12,139.323099
507,zhongzhuang,755,,2017-04,4468,37786.55,148.1867
508,zhongzhuang,755,,2017-05,7956,81599.98,290.2756
509,zhongzhuang,755,,2017-06,4770,39870.555,161.3776
510,zhongzhuang,755,,2017-07,5170,45811.92,167.415502
511,zhongzhuang,755,,2017-08,6620,61802.65,265.952847
512,zhongzhuang,755,,2017-09,1798,14622.26,61.875485
513,zhongzhuang,756,,2016-06,336,3663.417,13.173225
514,zhongzhuang,756,,2016-08,705,47556.26,24.8979
515,zhongzhuang,756,,2016-09,3338,30520.641,103.6844
516,zhongzhuang,756,,2016-10,10801,94653.985,350.3832
517,zhongzhuang,756,,2016-11,9691,60556.03,259.9526
518,zhongzhuang,756,,2016-12,10651,77316.152,308.9027
519,zhongzhuang,756,,2017-01,11839,93956.696,386.664
520,zhongzhuang,756,,2017-02,2927,22456.652,86.351099
521,zhongzhuang,756,,2017-03,4870,41451.295,159.849399
522,zhongzhuang,756,,2017-04,4871,44548.452,181.1311
523,zhongzhuang,756,,2017-05,8340,74820.857,249.9345
524,zhongzhuang,756,,2017-06,6574,47945.439,202.162699
525,zhongzhuang,756,,2017-07,8360,59423.978,233.0233
526,zhongzhuang,756,,2017-08,15066,102330.491,391.374049
527,zhongzhuang,756,,2017-09,8621,54461.307,210.738417
528,zhongzhuang,757,,2016-06,52,988.0,4.0836
529,zhongzhuang,757,,2016-09,5445,41873.487,152.826198
530,zhongzhuang,757,,2016-10,11390,110745.402,387.9344
531,zhongzhuang,757,,2016-11,10358,91622.319,326.0768
532,zhongzhuang,757,,2016-12,7111,72430.24,255.8879
533,zhongzhuang,757,,2017-01,8298,75840.23,276.1732
534,zhongzhuang,757,,2017-02,3324,32152.87,107.126799
535,zhongzhuang,757,,2017-03,5126,52594.641,178.3301
536,zhongzhuang,757,,2017-04,6285,56702.638,193.2794
537,zhongzhuang,757,,2017-05,10706,108414.026,361.1959
538,zhongzhuang,757,,2017-06,5649,56278.385,195.2133
539,zhongzhuang,757,,2017-07,7759,73461.478,243.012686
540,zhongzhuang,757,,2017-08,13366,116833.857,410.850884
541,zhongzhuang,757,,2017-09,4965,43220.29,156.400632
542,zhongzhuang,758,,2016-06,94,376.0,3.1725
543,zhongzhuang,758,,2016-12,12,120.0,0.353
544,zhongzhuang,758,,2017-02,199,2035.542,6.0074
545,zhongzhuang,758,,2017-03,356,3471.27,9.3569
546,zhongzhuang,759,,2016-12,89,753.52,2.2323
547,zhongzhuang,759,,2017-04,8,56.0,0.3361
548,zhongzhuang,759,,2017-07,93,545.96,3.0017
549,zhongzhuang,759,,2017-08,636,7054.355,33.980904
550,zhongzhuang,759,,2017-09,495,4319.06,16.183462
551,zhongzhuang,760,,2016-12,9,90.0,0.2653
552,zhongzhuang,760,,2017-03,337,3260.887,10.6258
553,zhongzhuang,760,,2017-05,20,241.2,1.1172
554,zhongzhuang,761,,2017-08,12,79.2,0.48
555,zhongzhuang,765,,2016-11,184,1938.39,6.3955
556,zhongzhuang,810,,2016-08,1,450.0,5.0
557,zhongzhuang,811,,2016-08,213,2500.0,15.0
558,zhongzhuang,832,,2016-09,1283,12597.59,44.160214
559,zhongzhuang,832,,2016-10,637,4967.703,32.756499
560,zhongzhuang,832,,2016-11,324,2610.793,16.555
561,zhongzhuang,832,,2016-12,308,2460.18,17.532398
562,zhongzhuang,832,,2017-01,561,2731.12,17.423597
563,zhongzhuang,832,,2017-02,1425,9119.5,48.344
564,zhongzhuang,832,,2017-03,251,1520.514,12.753399
565,zhongzhuang,832,,2017-04,681,3709.88,19.388198
566,zhongzhuang,832,,2017-05,682,4975.376,36.588197
567,zhongzhuang,832,,2017-06,387,2591.18,18.724199
568,zhongzhuang,832,,2017-07,639,4948.58,38.086999
569,zhongzhuang,832,,2017-08,518,3229.989,24.446095
570,zhongzhuang,832,,2017-09,156,901.6,9.7198
